mql_id,lead_behaviour_id,won_date
5420aad7fec3549a85876ba1c529bd84,1,2018-02-26 19:58:54
327174d3648a2d047e8940d7d15204ca,1,2018-06-05 17:27:23
b02c89251106e1fdd9d92744be9f94f2,1,2018-04-17 17:01:57
4e4e70d504b4c0006c8287dedc99d0fc,1,2018-02-28 19:42:14
408a9c4a79800232ac656249af3162eb,1,2018-02-23 13:54:40
c556184b3fe2087834850b68fa435cee,1,2018-05-22 13:24:08
ab11f58a6bf7036a656364b0ba68fb74,1,2018-04-10 03:00:00
bae38661a27f6228ba38c36e766ed769,1,2018-09-10 14:18:01
450b97a48568c3118ff397f73abe4e4a,1,2018-04-10 19:21:54
ed3d878bf23177e7075ce07578841047,1,2018-05-11 19:03:19
119ce5d79e3c006a9e46967bff271cb2,1,2018-06-19 14:08:22
05d287893f5f083739da863da2c4b6f8,1,2018-04-16 13:09:09
9ce2e101957dc53e3e89cc8e1599aa60,1,2018-04-13 12:27:48
4bb1ec1ff58ad39558e8468054bfc469,1,2018-07-19 18:06:07
c34eb63cd098bf4be03d53462d7ecba2,1,2018-07-04 15:07:27
72e81de94dfc0373b006ca75e9c851a1,1,2018-10-31 16:54:59
1cbfa9c878ef8692c1ae21e4cfa11000,1,2018-05-30 14:43:50
b055fc7de322786cd9ddc996cb6e72ff,1,2018-03-06 12:25:29
a8d2884db49e0769ad4a0b8dce2e143c,1,2018-09-27 12:31:01
78f9eb91b8c7b3b3967fab18283ec614,1,2018-06-11 12:40:42
20fcec0873b39b4df3df34140d77d6e7,1,2018-11-14 18:04:19
0a1643cb73c25878cc845d5594059afe,1,2018-04-27 14:01:33
d25814a309be54d1d2279a4ff921ea28,1,2018-04-11 03:00:00
e3ed7cb7b47e4079cb9fef895846b3e2,1,2018-04-18 16:50:40
9cca8d684240e24dd459f2d439fae30c,1,2018-02-27 20:04:12
0d99b130d767e50e22b528261ffe5550,1,2018-06-11 12:04:11
7c9ac4388867d4cc3f1cf9c05ad7e944,1,2018-07-30 14:34:51
2c5d0b35798bffadf8f67ef0af84d183,1,2018-04-02 14:20:33
e5860ae00103b3869a25d940345bf0fd,1,2018-04-13 12:50:35
3a91a097116d6c8b32d41e0c81dd1e9c,1,2018-04-26 03:00:00
1030d227d3fe9ed0555666c4ffd14ab1,1,2018-03-12 13:21:11
1c69de363482d0cbc9b6da97cb49757a,1,2018-04-30 21:13:36
a55b94066766f2d29fc22a3bb52d78f6,1,2018-09-04 14:15:04
f5da97d441cd42b0b26c10145b71a923,1,2018-05-18 18:08:22
682e8ae60182137d74d90ada9e0947d8,1,2018-02-27 19:19:47
46d9834fa62209a6504b2aabe46d7bfb,1,2018-02-26 12:45:46
009ff90f082aaa9fcd6e14caf65c7cc6,1,2018-04-03 03:00:00
29b97ecc5839e61efb7bdc25e979d8c6,1,2018-04-27 16:11:57
8d6be534a8bdd08e11efe57c6ce3dd21,1,2018-04-27 20:44:40
4979feabd6097fb6100fd36c3c32aae0,1,2018-02-22 21:07:50
048bb2f901e2c6f99bc9d26b78b47129,1,2018-06-25 19:33:44
58caf27a48e7930aefd5437298d64a70,1,2018-09-21 18:18:15
a15880813bd2f137e9f6922cbb7255bf,1,2018-04-03 17:19:55
3bcc8997df233ab581f30dd65f14698c,1,2018-04-23 14:31:35
afac78e614dac1a1470030ea55c08eef,1,2018-02-09 15:35:51
d0b2ef3bdc9ed0fce3d672ec52dc9c00,1,2018-03-16 14:17:34
cc4ec90b270b9f1de8dc2d8864425252,1,2018-04-27 21:38:40
f0b314f185b80cf35d986e298db53fe3,1,2018-04-27 21:08:34
a1ad46372861ecf61fdab04c7bf5082e,1,2018-02-26 20:32:17
7893b5468710641ad87f8b4aa1b8777d,1,2018-04-03 18:56:08
36f6d5bde803873f6bffe9949f258935,1,2018-02-26 20:02:10
44ebc4e28c99d8aeaead73b4b70cc5e9,1,2018-04-20 03:00:00
62e44187d92348c552952aa4bf152e90,1,2018-05-07 16:42:08
0f2ad81c100f7a6c7475bd26ceb76cbf,1,2018-02-12 18:46:06
cfccca319397a5ea2bb11bd90b0d925d,1,2018-04-17 19:12:16
7281f75a3496aa1e3643f44cd5773a65,1,2018-05-29 20:20:26
1fcceea4a8f4e128f39d1fe92d66a0d9,1,2018-06-15 19:49:16
165d6a6256273a3430fa4891413ac2f0,1,2018-09-25 11:55:05
de1dbe3b8d524c96d50c30f2467c4bc6,1,2018-04-06 17:40:28
080261e4427a081fc6e637b654f590ee,1,2018-03-14 12:18:20
42e452a93e736373dd9281c113eff2b7,1,2018-05-14 16:06:59
bde34e7721e5a33091503ba45b3f8ea5,1,2018-04-30 03:00:00
b223756da60ed5012d1d302bc9f50f6e,1,2018-04-06 17:56:04
b30be338efa14f74a40949dbafd02b57,1,2018-04-30 20:23:10
8551ef0d517bfc756cb31e0477ac4adc,1,2018-05-18 12:47:49
fc0a87e43ede1f423412583293815598,1,2018-08-20 13:59:51
57648ec099f2451be828fb2e27d8f46a,1,2018-04-13 20:38:20
06bc22c1b089be523e97524b67084ca0,1,2018-06-06 17:50:28
d6e0ddfc5b05597877a7d5036789a3a1,1,2018-04-05 15:06:11
83d5aac46c097426773520489cda201c,1,2018-04-30 13:06:43
a562fd35af2738ce6d88f785ef4eb134,1,2018-03-28 16:11:25
288ba9abad93ef50e6a76089ae84aab3,1,2018-08-23 12:46:40
d6137197f40a5b7916e5e9cbbbab739e,1,2018-05-31 21:44:18
9b6edcffd428da99ae60cc01049a8403,1,2018-05-03 03:00:00
d6140c51d9f0507b9a747e63e335be7d,1,2018-06-20 18:31:06
7f12bc8cffb170e083ea5c5296272b97,1,2018-05-24 22:16:29
1bd7d4eac464cde6f86349cbe0d61385,1,2018-04-19 22:00:40
a85d745228d0257adc11fd790a31cee5,1,2018-03-20 14:01:49
48a8b46e7ea342b913b50c7087f78162,1,2018-05-10 19:16:27
6dfdc6a7e91f5d20a16c956c33974ca5,1,2018-04-27 13:55:14
eea8870139b7780b13870d4299006da2,1,2018-04-04 13:50:13
271a299f0893b2173e77162c5c768b89,1,2018-05-23 21:47:07
1b061b1cec6b5898e5326992d9461610,1,2018-09-03 19:15:53
90513943523077ad07582e989457ccec,1,2018-05-15 18:16:40
080cc5a4ec71a747e260e274bdb13b64,1,2018-03-29 16:29:14
f49a02e0f135ae9f2bcf60f55bcd0174,1,2018-08-10 13:01:03
384b5bdbe32117213b87f8f5e0604be4,1,2018-02-28 03:00:00
6c465ed53d17739467c95fe414d8e056,1,2018-04-26 20:04:29
f74b25a7dc1504cf5a3b964a990266ff,1,2018-03-01 14:58:45
107fce5988735e531cae0da812db9a62,1,2018-04-27 03:00:00
e903c166f2335f821f495e4419b4821b,1,2018-06-26 12:51:19
cd9e8a4a222eb86428130d42fc684ca5,1,2018-04-04 21:17:17
d8de81eff6dfe582a05bc6981879f01a,1,2018-04-03 18:29:19
aadd608980d2f5f7ee3942cc912eef00,1,2018-06-20 12:24:10
d88a45e680327e0b22a34020d8f78252,1,2018-05-22 21:25:39
e2e57ded5b59a2058dd5855564c6b5ea,1,2018-07-18 20:24:28
d0b16c2b9e945575082a7e81f6f933b0,1,2018-05-21 20:28:33
0951c34dc17cf35be31bb59fa96435df,1,2018-04-13 13:41:51
6a10f542e6f79265c34a405dbc928e37,1,2018-10-24 19:33:34
4a907eba6a8d0223e39ee7d45672e26b,1,2018-07-13 20:14:57
8cfebc3e119ed2fe0dd172eb59b0a595,1,2018-08-30 22:00:23
853beae72ddb4f7a9b8c7c50dc0127e2,1,2018-07-03 12:26:43
3c803c1d8fef5385ca87aa1f8952338e,1,2018-06-01 16:45:27
fe1fa775d818957a76304c35e1939355,1,2018-05-11 03:00:00
3cab34e6c6a51d1f2ca8e76908c62368,1,2018-04-05 19:05:16
3172362312fcf09d96f02125f66b74f5,1,2018-08-10 16:46:39
1accc1c92278a9bc2bbc6a8002026b25,1,2018-04-17 14:51:42
3db893ff5d6c0e9dccfed451a741853f,1,2018-07-30 20:30:31
4433c8475916d6e6ebb8cf4994d2f1d1,1,2018-04-27 14:07:20
667f061b738858573caad66f5cc56b32,1,2018-08-08 16:22:31
299d8968ef74c5086cb3ee21f13ed27a,1,2018-03-07 22:08:32
e9dcae4d924ac8fff2334db6e5b99482,1,2018-04-11 20:19:49
02c1f06978b821b2996ec257932f2947,1,2018-05-11 14:22:51
072446c6aa02c85a9a91d6a75116def5,1,2018-04-10 18:20:00
0d8b45d95dc4bd9712dc67f87db79a8e,1,2018-03-12 21:20:49
dcebacc996ed40656c7097704c600386,1,2018-06-04 13:55:12
bd0c413c4350a9a29fb9bec5de64e2a6,1,2018-06-13 16:37:42
409b474080e928bbb5664659407b5947,1,2018-05-16 17:48:30
8928ccba6d94d5f1481c1065330c6066,1,2018-06-11 12:36:11
15992174039ff729f588d6c82cf022c1,1,2018-02-15 18:21:28
239ce949b3bcb25a0c47779fe37c80e0,1,2018-03-28 16:09:52
0b32d6a87c09c32b3cd90dfd5ef5699f,1,2018-04-27 14:04:06
f63f7107398c54c17b5d14eadfa76842,1,2018-05-10 20:10:08
cdd41e8e7e609526df11a959b953cc0d,1,2018-05-30 22:29:56
a0604c9d9ef23fbf7cb7be5091201041,1,2018-07-31 20:01:32
867b587b7c0da5f1af73b47803e60859,1,2018-05-14 19:26:01
1e2001dab6238763e58c775cba225a16,1,2018-04-30 20:47:07
bc55d3363ee659d6ab6c908b932c7705,1,2018-04-25 18:28:42
f89b10e626692ac7a87c19d69f261db2,1,2018-03-07 14:24:51
b9ed46d1ff01c4fb8e3f2453091804d0,1,2018-05-14 19:41:58
c3daacb733cbbe636db5b70ace98d520,1,2018-05-18 13:05:14
be8eca3856293b0591f6240af2b62091,1,2018-03-13 15:51:54
42e63e1b4d6aa921fd566bdef26e5ef4,1,2018-04-19 14:13:04
d57b5430f8c6a9fa9d91cb60bd237336,1,2018-02-28 19:15:15
3505514e9f9ba3724fc51cb3278e0e67,1,2018-08-02 17:32:16
fdd68c10c38eb2811cbf1e13bc95b5a1,1,2018-04-18 20:19:00
8423896e04d8cc356ddbb29d4cc9288d,1,2018-04-14 03:00:00
54007efbb2ae51f02c995466f0738caa,1,2018-08-14 13:56:57
1991b2c8479598ad84ed59f5446bb589,1,2018-05-23 13:57:13
180d9ac0990bb42907fe9cc7aa3eb5a1,1,2018-03-28 22:45:45
af1ea7c59c7e37f0b95b48bc972ceb67,1,2018-05-25 18:04:39
cb92c899ab0e2c0fcf4d4e11e9930f6a,1,2018-05-11 12:46:58
6bdffb19c15963b8e630b6a1861b477f,1,2018-04-24 14:19:33
834e43588167648b6f83961cf22f940e,1,2018-05-11 19:21:23
688026f6edb29cc7c96b287b186b03c9,1,2018-04-27 13:27:25
439c56de17208ac25a2abee9beca46f7,1,2018-04-25 21:44:40
ed1f42da2c5662307df13fe5648b05bf,1,2018-08-24 03:00:00
9577014358ebabb5010e7513a7439a82,1,2018-04-11 16:05:14
41fb0fd43593de7d24448de9f5aea38e,1,2018-03-19 20:04:46
68482ad368c7b9779cf50a7164815379,1,2018-05-24 20:25:11
29ed0987440c24898ae109b05a1d3f8e,1,2018-05-11 20:38:50
85fb7822c0e202d4b3bb8c1ad5e0280c,1,2018-03-15 15:12:53
99bc9f7d864b6291861728d671d61890,1,2018-04-24 17:05:08
0c1a046883bb8a4141228501feece7c1,1,2018-02-21 12:30:22
2f45fb6d3d46af0423ad2813249ac4a2,1,2018-05-08 17:18:41
c733f4f772bfa7b8702ccb81887f8333,1,2018-04-28 03:00:00
a06df17094fd9599cad32555b897a0d3,1,2018-06-08 12:10:27
a7949e3bfe0d90df9ba1700365ac42c9,1,2018-03-09 17:24:41
c2bb2199cb1cff125e02122597fbfb29,1,2018-10-01 12:31:26
1024cf4dc7f44bc2296769309fcfb4e5,1,2018-05-24 16:11:06
b1e32544dc409b126235d7b5bc98246e,1,2018-03-07 03:00:00
bf5b131e6aee15fa373fb4d113b4a65c,1,2018-05-17 12:09:33
ee488918cd8d11b893067864f9dabddb,1,2018-03-27 03:00:00
5290b66ff9e0c1115614365d8e20f10c,1,2018-08-17 14:41:00
b145d383541b505a53c5715a21385f80,1,2018-04-20 12:18:30
a58f8a3280b2dd6440d88af9decb9b1f,1,2018-03-05 20:54:03
4c898465f7e0becf53dd933ab2a1b6f9,1,2018-06-04 18:53:50
3469f647707d7517364600b07bd45816,1,2018-04-30 16:01:35
19c777b5bed02ee09375ce374cf653f1,1,2018-04-18 16:36:44
fc723a87e241c9b3c2e5fd4df4ff8e9d,1,2018-03-09 14:18:20
55dbee9943100076f718829ec0359185,1,2018-03-23 17:58:38
0f7a3e9f4a5a415ee8d01aa7ad65ab7a,1,2018-04-20 03:00:00
e84d3444422cda735543114cf5df6b95,1,2018-03-22 19:35:04
cdca41db5ada4bf3e8e608a495066165,1,2018-02-16 20:09:12
860e39bc33e7c4ca4c26ec67979cc290,1,2018-03-08 03:00:00
03ba283fed2772f4e477eea4f0f236b8,1,2018-03-16 13:57:28
f613b01d52b86da04ae810f173d5aaef,1,2018-10-25 17:16:36
a045219c760c6f765dfb3c5a6abf54c0,1,2018-04-30 20:58:34
ba7fb7aa93b1203a1f5e19b0857870e3,1,2018-06-05 13:34:52
d2108470e2824da1f619e91a0e4784d0,1,2018-02-28 22:17:25
b5d3329593899c7a29511c6110bdc575,1,2018-03-19 18:20:11
56e421575126bfe4c0592353bab5cfe6,1,2018-06-07 13:59:42
50cd562760a5819b07a9da2239046ef0,1,2018-04-24 14:04:51
1160b456c2b0d88893e20daf51f80f39,1,2018-06-15 14:04:52
3fc2d2c3597b3e7b87c17651f98f6c22,1,2018-08-28 21:30:52
70217dd96da535e0b862ae12245c8906,1,2018-03-01 17:44:43
e633a3d4fb3db2c7665c170c80db6717,1,2018-04-30 21:48:02
a4caf71cf38708eaf17117f78fa61c9f,1,2018-04-19 18:10:32
5c490b208aeecdb2af2f4b6fb696a6fe,1,2018-03-23 19:56:18
518f741fa426a51c73533c621e5c8107,1,2018-04-04 17:31:09
384008daaa0f14b58912d8648101fdd0,1,2018-03-12 17:30:06
2b9eb12abdcf58e92fcf797a1eb2983d,1,2018-04-03 20:47:56
99fc32e3c05e03597a692c4fd9a9d162,1,2018-05-11 21:26:07
fa5e2d8f160a9160ba19cf589cdc017b,1,2018-04-11 15:15:51
1360d3a80eca6292f33a04f7aebb5fee,1,2018-07-02 13:40:15
3da19335c0dfd2c484d977ca16bfebd2,1,2018-03-13 17:16:23
7318634fbf3172a58af7c638ddc76184,1,2018-04-26 13:40:00
963637be23e343ea96024053fdecd723,1,2018-11-01 11:47:50
0d7c4c62f923a1527f1e9e5bb30e5d60,1,2018-03-29 18:12:58
24b23168fdaa0d98e9119081cd4fdd3e,1,2018-06-06 13:53:35
c263e540e76c57607b5e1b613fbc8732,1,2018-04-25 16:22:26
010ed37e44e2fdc175b4c5c6c930805a,1,2018-09-14 14:43:50
973f72ab89f64e22470778a9bd1ea10f,1,2018-04-16 18:25:12
d2ac71782272659e7171150d20d59158,1,2018-05-15 21:17:04
cbcb32994827a5c4ef1b8a630a4fa66e,1,2018-02-27 17:13:23
614a4db226bdaf4ffdbf60e37eda9213,1,2018-05-04 03:00:00
3de2f5d6b216073b662a9e202fb4b556,1,2018-04-18 14:08:11
b53cbe6da81db747a73e52a5a48d2703,1,2018-02-15 14:37:04
de615d957b9c5f4b8fd48893f7267a15,1,2018-05-25 22:37:08
08a7223e876a045d511074e8c9c8e937,1,2018-03-07 13:56:43
47a752e75a196b3b4edd825252ccf97f,1,2018-05-21 19:55:20
450b9ff6579ee8138f673984554e8a93,1,2018-05-02 14:23:32
e3c586bec59ecb0430e34fb6bc37fb8d,1,2018-05-24 16:47:23
2b9b8e32584fe9897d8aedde5bc04ed7,1,2018-03-29 18:06:54
d94101ad400cbaf86b951c78f8172039,1,2018-02-27 12:23:13
f5f0711534e0b5d69c8e4206dd17cd88,1,2018-03-19 17:36:04
04f8b803895d585e29bf21162e49cc84,1,2018-04-19 17:11:18
ee7230dec6c5cf2229f0a706a265ca49,1,2018-05-14 20:15:57
05b99715f32c973f929cd22735389966,1,2018-03-22 15:07:28
dca7085d5af68e91d19ed7cb75e1dd86,1,2018-03-15 12:43:46
501f06dacc74edd54022151f71c8960b,1,2018-03-26 20:54:23
7375737cbc45eaf7c478be2858e294ca,1,2018-05-02 17:29:18
e3ad7bdd4df4a7d9653820d9d67d4e49,1,2018-07-09 03:00:00
d238f0c1fbf6fccb32a3f8efcf03e3b8,1,2018-05-09 16:52:06
35dae000552fd88cce58a6571998738c,1,2018-04-20 20:48:35
fb24fdefb6d2dd80651f6c1a87bc0d7f,1,2018-04-09 18:22:46
4b28b220ac44eb9727640e0b78cc622c,1,2018-04-20 20:11:23
fca7ac68a9bcfe7ec3a017257471f198,1,2018-04-12 12:35:49
e4ccb212806eb5e35794b3ebbdf1f6b6,1,2018-04-23 20:40:04
8e12ae4ee6dc484ecf2277a19b845658,1,2018-05-11 17:09:22
e75d0b169ffeb90d4b805790ce68a239,1,2018-03-26 12:07:20
fe7fdf179234f77c4d0ab2ea82a82c52,1,2018-08-30 22:34:38
5ebfa70416c6e41452ddde4ce2b536ac,1,2018-03-06 11:29:22
44f24b3c093ffe8bb756db22f86a9a2f,1,2018-03-29 17:45:03
f593b9ead8801922f74f0a5329e31486,1,2018-02-26 14:46:28
8aa25d565a8891e68d123138a137622b,1,2018-04-12 21:32:57
b47ea67781941189af94d2e217161684,1,2018-05-30 17:49:58
f5386ed31571beed0361427ff58a9778,1,2018-05-08 17:48:59
000dd3543ac84d906eae52e7c779bb2a,1,2018-04-24 03:00:00
d1d99ef14bb813e29718b9b4df53de52,1,2018-03-15 21:09:42
cc1d6397370f680339bb84ca6ad55267,1,2018-03-06 13:29:10
91bf42fe769d7f395d8f11b747000def,1,2018-03-14 12:24:20
c56202b66d431a16fbc0260c3d2bd1f6,1,2018-06-11 19:23:48
2b6a1d360326583e2b95118913845eb5,1,2018-05-14 13:25:24
7290c4082936311a3295b7c9ca7bda8f,1,2018-03-19 20:26:27
1d015de3059eb8754a365b5bbc735818,1,2018-07-18 18:48:13
f4854d16f1c74c2e64a5b01933a04ada,1,2018-05-14 13:36:50
52427b6097c05044266c10cf110bb16c,1,2018-04-30 18:30:12
3532ba8963b76ecaa46dc6d6f055a31a,1,2018-03-14 12:23:39
5ee85f64aafcce6b24e3e1171a475ea6,1,2018-08-21 12:30:34
b8a54e345fa5fa48d9f72b7cd514240d,1,2018-04-30 14:27:15
a78562b316f0578286ddea6e6eaf2c63,1,2018-04-11 13:39:02
4532f03593699ffdfd5fc1b58540190e,1,2018-03-14 19:43:52
dada30935bcfc75c69e651430ea8815f,1,2018-09-27 17:36:04
1dbafa1bd602541ba5249cf8cc388acf,1,2018-06-04 12:47:47
dcee66ccb49a492ae42c446c0cc01b3a,1,2018-04-23 21:07:06
fceb58eea3ffda92cf9ab32fd9e5fe0d,1,2018-04-23 13:23:55
6fd8a9e989f62bd98e7d20c2f81b1519,1,2018-04-13 03:00:00
33d81348225fe436802063fc73e6f2c5,1,2018-07-13 11:53:00
ac2adbbec7f0d2fffad8e21d5e8a58e1,1,2018-05-21 17:41:31
8dcedd6884e553e55dfb6298a6f6cd94,1,2018-04-10 19:34:27
f5772c97a8e2bcf909674d8701480d55,1,2018-03-09 13:45:50
28f36aa85fbadc0663c2df15a5af35db,1,2018-04-20 16:29:28
0383bd4aa37e8dd109be3864bc703eda,1,2018-10-02 21:25:39
20c1fd3638caa5d1dce50b6c0b7fc409,1,2018-03-20 13:53:13
5177d7712d018e49b0015adfdc2bb393,1,2018-04-13 03:00:00
5b7fc89c42ee0f99a9db33e8baed5c52,1,2018-03-27 21:32:52
bfa4c8f989b5998d069da0a75550a7ce,1,2018-04-03 12:21:09
c22f68de5bdce96fee03e21ca08d898d,1,2018-09-06 16:31:09
0456932dafd6f6b56f142efaa19ea8ed,1,2018-04-27 20:10:02
e0bcbf50b9afa71ee130b94dfe8bcf2e,1,2018-05-08 13:32:34
10d6786c2646e4ef82973b3045096882,1,2018-10-05 12:35:50
d8bbc05a9852cf8c785e2b05c5ba1bd9,1,2018-02-19 21:08:55
98f57d973e7f90b1b813f13e5ebd847c,1,2018-09-04 14:34:07
8df878a8e746bb16f57beaa0615b5693,1,2018-04-13 21:53:17
bf38970e96dee81ef0b4b76c2feb1a2a,1,2018-02-20 19:40:05
d6beac7184414a6487a7edade4c0f2ef,1,2018-05-02 17:22:49
b64eccfaa3c560d142a15ca43a0ddc98,1,2018-08-22 13:14:44
9678fa54dc9751a0633fe25843f900b4,1,2018-02-23 20:27:56
85ac6feb584b665e85664974c546cfec,1,2018-02-28 16:19:57
9bde09f29256de88f4897345646c850c,1,2018-05-04 03:00:00
51d81424aa2d36bf4248ae8a4a3cc885,1,2018-07-31 13:29:15
62a081b993506561f522af260073cb18,1,2018-03-13 12:33:10
bc419ad99b06b6b3e155039d714e2061,1,2018-05-30 16:07:26
92ad56ab29e347d1779a07879d38c67a,1,2018-04-23 16:16:57
c92c413cead7d8b67a89850ba352e1d1,1,2018-03-26 16:07:32
00dc5000951c268cc8655294daf67b1b,1,2018-07-10 11:34:50
07e3b175a6c00f310d4e7e4b17df1304,1,2018-02-28 21:24:13
89599d85cfa823d8886146af161ea5b3,1,2018-04-18 20:05:55
d6f0ffd9dd59848ed1b74ad799489755,1,2018-05-14 12:26:01
6e668e75a724c96385d31729d5f7759b,1,2018-08-24 11:54:08
d5f8ca8f1c429e41c73b370ad2fb45a1,1,2018-04-06 16:27:35
95f2351eb791917e3e1cee823cf25969,1,2018-04-27 16:17:37
bd47dc58209bc820d555f935bf055e40,1,2018-02-15 14:58:37
8257329475414b1eaf3dc731440e01a7,1,2018-02-09 17:10:58
d0dde222e608c66b65d44776bd8b4092,1,2018-04-13 11:56:52
5f1a8a8fddbc8a5ff4bf0f111dc69ff4,1,2018-04-05 18:45:56
3559ec2c1c4f29266d1c1eb0f1164549,1,2018-04-10 14:05:56
efe655d620d2d3d55ab8b2b6c86a945d,1,2018-02-26 18:32:05
ddbfc14f2f93b8eeb75d4b11a876b7ba,1,2018-06-07 14:21:17
1dec44d3b8974e86ab337f1755cd893e,1,2018-04-10 22:03:57
356222b46d95b7fb1215f652ea9fd2f3,1,2018-04-11 19:00:03
dc5cd6ec5b2df75ead63c98d5963e732,1,2018-07-17 17:02:36
f46657d673d95ccf8d12b1075ab7c653,1,2018-03-19 12:41:03
7a2c5f44c553096c00bd05e62c4f3771,1,2018-03-27 14:48:01
796e2f57fd87b9b44251e692e269f0bf,1,2018-04-06 19:42:14
f5baaf0afe419681731ec3d30dafd954,1,2018-05-10 19:26:38
8ba72c13888964788024b12e39aef6de,1,2018-05-17 17:22:45
5b2aad03528f0d771e8332451010d045,1,2018-03-24 03:00:00
cc7ae92e162840095c5bfa89acbcc478,1,2018-06-07 13:30:28
6fec8c1ba9b9aa79bd26e09fc8aae3eb,1,2018-03-29 13:49:44
34aba6f934aa1a8de795d088a6875d28,1,2018-04-13 16:21:23
a2de60ae969948c62475144651c21281,1,2018-04-05 15:11:12
2d425507027fe5ccf5e23dc6bf98af4b,1,2018-08-17 19:29:47
9af7ea3259a69623a41b6e8bf98a52b4,1,2018-10-31 19:17:57
45f4ec2f92cda096fc01052b9f53dd89,1,2018-04-25 16:03:49
26b54d75fad5660ca6471905fe1793cf,1,2018-04-16 12:26:39
2b35567523c67c1a9c32ef101ae7bc73,1,2018-03-21 13:03:40
5ce2c548b89181fc2a9b18df3882603e,1,2018-04-10 18:22:26
c9be6fa4a4d011709bfa79908b2a1238,1,2018-03-22 13:02:12
6456e5e81dd87446f811df77548e6a6b,1,2018-09-20 17:13:05
e8caf5068d097fe43a132fbc1152bdd8,1,2018-04-12 03:00:00
9ea89671c9ac8a9c53062381b303f4d4,1,2018-04-11 17:08:35
5d23750fc8ccf6284ca2ef9063c7b395,1,2018-02-26 13:02:58
3138f2d16a2894a0b029ac115da88f8f,1,2018-03-28 13:21:21
b4994d8000b83caf4875f9cf28664194,1,2018-07-13 21:58:39
acc0e9c96173c579c90c05de205a2b63,1,2018-02-16 11:56:46
df5f39b59210605db5d0afb2ddac38a6,1,2018-03-14 17:31:31
d78e4f87a5a597a1c8f2663af303e65b,1,2018-07-02 17:20:22
f487c050e3c1f3c31f85b9f818ccc0c2,1,2018-07-24 19:56:07
ff3e7e5ca2f0e0d94bff1aabf7ed6ff3,1,2018-04-02 13:03:24
d62e62abe24dcaa94f9e1b3678477b51,1,2018-03-19 20:39:25
dbf25bb9667ad45905359f401d0ffb60,1,2018-04-30 12:04:11
ff8ee6aac61c11f16443646cdf467146,1,2018-04-13 03:00:00
5db98ad3d38184a2f9db88f5bb1c62c1,1,2018-03-20 20:23:26
b91cf8812365f50ff4bda4bcd6206b05,1,2018-03-06 19:38:55
6ddd8f436b40ded89a268f4b38a30b35,1,2018-03-07 19:23:35
3d2c7bb8be9ea80c1477b6778fbd2cf6,1,2018-09-26 11:48:53
d54be8a176d25fedda751546f6276fb6,1,2018-03-26 17:04:23
01409f7f7f2bd5ec0c1755b362e9db6e,1,2018-03-06 18:14:08
9dde4d7713ae64986ab6f5c9f9cf94d3,1,2018-11-09 20:06:38
07da1921cbc124b15d105b3e13d67eb5,1,2018-04-06 12:13:08
b48c62590e6d0cda7b99d3c4053a412b,1,2018-04-20 20:24:22
4f2a5cee950dff883ba2d52715c97bb3,1,2018-04-13 17:03:29
2f68c2e0cd8964d59dbbcfa48196b499,1,2018-03-08 18:57:56
6ff169c8d96bc9b776c14c0e65af28df,1,2018-04-30 18:24:13
0a55079ea003674ae2145b02f03ff27d,1,2018-04-10 14:43:06
af727f4749d4bccd52b0d84bcd241a28,1,2018-04-17 13:14:51
fd582eb497bfc1fdf07f3e7d0e259b70,1,2018-05-09 16:21:08
b13432d01614c9d18263698af2837e1e,1,2018-05-30 16:15:12
c0fa242837c43fe0531989b269153441,1,2018-06-19 12:36:05
cd1c758ef1fa8b3fa90d46efc6e4c66d,1,2018-04-25 19:43:04
5490e7d6b0202e0f649d6fba5bf770ec,1,2018-04-20 12:20:34
23b7bbab67f2caadba743ff405d27b5c,1,2018-05-21 20:17:38
b668bbfcf4f79f076b2210cb21e87734,1,2018-05-07 16:18:52
5527123f5a35a024c0f3bf4689e76e7b,1,2018-10-18 16:27:51
e7d22b2d896aff8c14d0f1f6c7ff151b,1,2018-04-27 14:01:59
062eb81d4674705d10c8ecb848358cb3,1,2018-04-04 18:42:57
713db6add2b5e85a240d2daffd3e9dab,1,2018-03-28 18:50:57
2c30dbced2ca2da386510d7416679269,1,2018-04-20 18:13:06
a253f7f97019cf1a2c74eed3ce23db58,1,2018-03-20 17:30:41
f812d76fe4aaf25c32584b9597915c61,1,2018-04-11 12:24:58
9729df58c832dc4574b1c382191df44a,1,2018-04-25 21:02:03
fa7482659fd71e6e233eadf4dbf3ed4e,1,2018-02-14 11:14:12
c184064068f67936a71e38a4e6a9e78e,1,2018-05-09 14:24:56
205a11a1b97d7e8bdb33aa6c36f3ef2a,1,2018-03-09 17:59:38
a8da3378b39d078f77361620c9481ffb,1,2018-08-07 17:17:28
3e1d9bee7fa8982cbd0dd0c0aa5ce905,1,2018-04-12 13:58:09
051cb0d72dcd23f16842e894f5c46051,1,2018-04-23 20:19:56
baf5ecd84c6a8766519b98f66eec1511,1,2018-06-11 21:01:55
b4abf3d319afe2544a5dd0966141ef10,1,2018-08-17 03:00:00
ee68544f42eef8386730823cff7446cc,1,2018-04-13 20:51:13
af8ba6e9ccdd2960424f19b3cfb54baf,1,2018-04-20 17:53:11
7f1a58f7b373d68560c1cf8e340e87ae,1,2018-07-26 16:15:33
66ff0b5dbb060ef47f756d33cf170f97,1,2018-04-30 18:57:37
3b7585682efa3f3cb07b4e7ae6ec53d4,1,2018-05-09 21:35:58
ce721edac2d10ef0b2ee26c40924d7a5,1,2018-11-06 19:41:39
239771729fe22c7c1bdbf136f7304eed,1,2018-05-24 19:51:56
87db7aea88a3ae9304944ae954c6a420,1,2018-05-08 17:42:04
186f0892f13de5443c0b6d042a6ddde0,1,2018-02-28 17:16:15
a3980fc1d4915887bc4b815080e58a00,1,2018-04-30 21:29:27
de4dbaab116c6ce122ca050041e1546f,1,2018-06-21 12:21:33
af37f5b0de67364f54d9b53d8e8afbfa,1,2018-07-09 14:53:03
660110aa3162f77605b07eec19f1e20a,1,2018-04-24 03:00:00
c2385a5e739790f3b8c1d459abee3e5b,1,2018-03-12 18:45:13
a8aa308791fc464208fb025038454c24,1,2018-06-01 02:32:00
144194b941960b62a1217cc9d27ebdbe,1,2018-03-27 13:27:01
de0fcd75c97ecea4ebbb534ea6476743,1,2018-04-10 12:30:33
c2102c66aa81e5c07f72cd88e46d091d,1,2018-05-14 14:24:45
7720c6892d447539b71d8bd9e4d1ef60,1,2018-10-01 17:47:09
21dd2bb7a4d988443cb303e42afb8316,1,2018-03-07 19:17:31
0ff0a4ce9abf031dc12194a19ced4ef1,1,2018-05-14 18:06:33
c6a3a2c5533022519407029f38d214fa,1,2018-03-14 03:00:00
1785cff273aedbd875c814b46928ad7f,1,2018-05-17 18:11:29
a57bf18e19b6b17e3d4fbc20561e2055,1,2018-08-20 14:41:13
eb454ad6be830064d49727814426bb6e,1,2018-05-25 17:32:40
b14ab177881b4c06b81317c5f2034ede,1,2018-04-27 12:18:34
45b5846f3d142b0748d3dc2ab223ab6b,1,2018-04-24 20:54:30
341d4a2ff35fb1a23abe056798b04d41,1,2018-03-23 21:07:18
878c57ac87b8629049a172596fb9a67d,1,2018-05-22 12:54:36
b7f3b8bcd964f9e44b212cceabacf877,1,2018-06-04 00:00:00
ebcdc4e2a7e73118fab4921b78200b2b,1,2018-03-13 20:12:45
ae437864746ae2a9e694a6ed2b5824db,1,2018-05-18 20:02:04
5a85461739094491a96bb30267640454,1,2018-05-18 12:38:36
76609909f975f3db5b8e50e4cb9ec136,1,2018-05-29 18:53:31
6c1f11f779599fe6d280c41d644ed43b,1,2018-04-05 16:29:23
4b650319cca0b2d0480d58b5c6451a28,1,2018-04-06 16:52:50
d4db78e389387c2d6f0b5404cbc61fc5,1,2018-04-17 17:18:09
d4b60729388ac1c3435ee0fcefba1ebe,1,2018-05-30 03:00:00
7d4b139b99fa4e14170492f54032c321,1,2018-02-21 13:27:48
3e4a3f9ecab2d513b6782748c9e0a884,1,2018-05-04 03:00:00
9e7c75dad869b2691a339a70cf105f0e,1,2018-03-26 14:03:55
7998ee341a2b3ffe1f5b8f11c0e78d11,1,2018-04-06 19:26:13
dbc6f53e8aa4b30d61366ddc81b17a91,1,2018-04-06 20:40:05
cd803c8ab3c2afa5430eeb195bcebe6a,1,2018-03-28 22:42:55
676207ddcc8087437135a4b461fc07cb,1,2018-04-20 12:27:44
98b18a14a0472c9e4a4eb0bb77ae3592,1,2018-06-07 21:23:45
df9a2abe2ad3f2d8758b675ac8331ecf,1,2018-08-01 20:22:31
40955be51cc85c5a5a6cdd12b19e9f10,1,2018-03-06 15:52:23
a555fb36b9368110ede0f043dfc3b9a0,2,2018-05-08 20:17:59
a90a37898cc5f2718385a2fb981caaff,2,2018-05-14 18:37:15
0173e8d8b1d94a355b440fb67388f532,2,2018-04-24 03:00:00
9a6b65aedf8177783035f3a53ca21ed1,2,2018-04-18 18:02:08
92c7eacf759c266a7663d63876d84223,2,2018-03-27 19:14:00
014c073ef65e4a7ef73acd61cf606164,2,2018-03-23 19:06:54
2b094148a9d10109b903715267c4dd14,2,2018-03-12 13:14:10
1e2a84cd1c6fcd7b7a07f49f1cf7f6cc,2,2018-08-07 19:47:27
cd46a0224c83d17b825ebc226df3479c,2,2018-03-13 14:56:01
3cc3bc10218cf509ba24613cda41d940,2,2018-04-24 03:00:00
7c68935a1dfb1fc8fb714797e7cbf805,2,2018-03-28 18:55:26
e73083572cc595460842f5090da94662,2,2018-09-17 12:03:18
6fba9ab96aa12c4c9d01e74b66a74485,2,2018-05-15 20:21:11
bc18cd01dacdd62719e6b4d59248c5e1,2,2018-03-22 13:06:50
ffdd99e05df27c02a2fb1669d49e0c76,2,2018-04-18 20:16:19
bd503b6e91ef50d1c4c169476158e8eb,2,2018-04-09 17:28:44
2448225d3dfa0dc52632c746aa76b66e,2,2018-04-20 19:04:20
c36d210f50e7ef3103da68ab61efd093,2,2018-05-08 12:18:42
4de20dd98d2ca78fd643bdc4f0a6359b,2,2018-03-16 19:39:38
bf3e0df27b04abb4c107ab4df9955b29,2,2018-06-14 18:51:26
e2e3fb19cb1f4edf8c601bab9adbad86,2,2018-06-29 20:16:50
9675f0018d103531e073a3da2945df41,2,2018-05-17 21:47:38
626dc1c3716c817b064632fded168e35,2,2018-02-26 16:09:48
843966e79e757cf797b7dfe514e30af1,2,2018-06-18 13:51:38
081c243a74472af67b65145cff5221c7,2,2018-02-27 17:30:22
f88920d4589dae7abec2eb05fca153e3,2,2018-10-03 12:28:55
2b73fd917ee9cc38ec528df06d5b8561,2,2018-05-25 16:36:57
4fbe9e8a0ace3a44f0a9e1d7fe41da02,2,2018-11-01 15:36:16
88e3fa7a7462c4ce017655ee2ea2ad46,2,2018-03-28 19:05:44
5bee2861956d76fe35e91c33bc4a81b3,2,2018-03-26 20:08:26
4b4234f02431d2179f5d18fd1db0ef8e,2,2018-04-27 12:40:32
05ede5cedad6c61ef99376296b0699ef,2,2018-04-20 19:29:22
0338bf13624f52beaca91ec4a23c860c,2,2018-04-30 13:30:05
245e57794c369c8617378e285ee9755c,2,2018-07-26 17:03:01
593f4a8705fd0d72d47efb651bdfb135,2,2018-05-23 21:00:58
0c28423a88b5dbffd0d1ee2aec41efd0,2,2018-04-06 21:43:37
22c0b2a19a05fff19e92fab5a0b7728b,2,2018-04-25 17:19:34
84ca5950143557353793f24e65e1af22,2,2018-04-20 14:26:36
aa65c38536b38e859fdecdcea7335154,2,2018-02-27 19:13:04
768a02c350549c32585575742d6c29da,2,2018-05-14 19:17:03
647715020a35f278c5ff9de26e2a4f9b,2,2018-03-07 17:11:48
a0a7ffa593070c447c15f66e0aab9785,2,2018-02-20 17:44:19
b43f5f80ddc7bcfebd6cd94e13554e4a,2,2018-03-16 14:22:29
da96552c519b38a0d1b5dabc42e6be00,2,2018-06-12 19:54:25
e9356c402558dcf285db53208880d47e,2,2018-03-05 12:52:26
7c01802bb3674e5af58547b0395bcb2d,2,2018-03-28 03:00:00
abcb67d98a01dcf18478fd47823a8dad,2,2018-05-21 14:06:49
8f8161d3a6bdf6a3ba5b28fd35725356,2,2018-04-11 22:21:15
3efcf88e3453fc6d9ce464e51d3a81d4,2,2018-02-28 17:16:01
9375fea0a120ddcc052f02b81cde38fe,2,2018-05-18 20:27:46
a6807243689c76d0e34230e8e6ce5ca9,2,2018-04-25 22:04:32
18f5d73a3c6b68160f6aa7fd089423b3,2,2018-05-16 13:32:26
0d6080ffaadf8f8fd9648afb791c29c2,2,2018-04-23 19:26:30
085df4d5a370218b679cfab2121cd194,2,2018-05-04 03:00:00
3ce39e5e8a82aa26e73fb52221089d5e,2,2018-04-30 19:28:30
5c3fd6f239bbbd47b94fb424c8827b2e,2,2018-05-04 03:00:00
d2e8ac40dc18011d5ecd890846f36ec1,2,2018-04-27 03:00:00
f9cb3124b5a22b133f21273ef2cb0695,2,2018-04-16 16:58:06
2a0433fde38b262e5db7db757057c7c0,2,2018-03-16 14:14:20
a244f80bac3293a03b71b032e0e09ce5,2,2018-04-06 16:56:39
3efcdd8c4998017c9578b28a059f72e4,2,2018-03-07 19:04:28
c07c69d716213f5eb297e2721115daca,2,2018-03-21 16:16:52
ed68030ad096167305ee933b382d92f4,2,2018-05-30 13:34:09
f220cfabf79009211ae4493c75c742a9,2,2018-08-15 19:09:36
04ecc73f538bcc74df709fe9281e08b8,2,2018-03-15 17:13:24
9e7dc95c541eb2d8bf26affe1089821f,2,2018-06-19 21:04:53
92732d8798add606646430bbd6748bfd,2,2018-07-10 15:57:10
c9b03be66eee564123ecf4b66c25986a,2,2018-03-22 13:14:56
3b3f06f94891410cd5cec559abe7cff8,2,2018-04-12 14:02:51
2fdef625a264874c1a4081ca24dd479d,2,2018-03-26 20:42:32
e9631bea70bc3ae4018bff0eac2c0986,2,2018-05-17 12:42:15
d92949512f85bf2db92ad19b662922f6,2,2018-05-18 19:32:40
63d196328512c582293ce6c845521bb6,2,2018-07-20 18:18:14
e03c43e6cfff88b9e06badf1de66b950,2,2018-07-09 12:54:57
0dabd1a1be08da96cd6fa993b9afb0a8,2,2018-10-29 16:54:59
b37245bd5e22836dea166c9bf1ce3715,2,2018-05-10 18:11:09
86b283c5d439e7c9a64dca8e850c5ebc,2,2018-03-26 21:56:43
418f995ca45e4394daa4447bd637ec4d,2,2018-04-13 18:12:32
d75057842b733134576d690d1d9509a2,2,2018-05-08 20:14:11
9af787c1e7409f0866ade669dba8f697,2,2018-05-15 20:34:06
c262b62c257bb4e97a9618c9bf4bacf5,2,2018-04-30 03:00:00
ddbfc14f2f93b8eeb75d4b11a876b7ba,2,2018-06-07 14:21:17
19d0170c5a9f7120fdcb2c34e9373f68,2,2018-05-15 20:22:41
ac894bcbadb0692e692ba49e19bc219b,2,2018-04-18 19:05:58
fea6d3c362395ffa975ea4fd8d5d8ebb,2,2018-03-14 12:14:58
f2e5f6f0caaa54cb5161d5cd753cf57f,2,2018-02-28 18:22:11
8e8336b19eec4f492acff4a97a5a4bf4,2,2018-06-05 18:00:37
e758533feded97683d573154714a195b,2,2018-04-18 16:43:53
058172f0764ed2bfad2c7aa7cb9ae15f,2,2018-10-29 14:54:02
ec2f34a30d5b87ed1d3e9de2741ddabc,2,2018-05-11 16:16:13
b97dc9b1917a076d96da7c0ae4e2ed72,2,2018-05-17 03:00:00
7f95cccd5ccfb40b086d93e209d08ebf,2,2018-09-05 14:32:37
59d49e1ef1cc5496dfde1a1cc0c74004,2,2018-05-02 13:39:20
9e5523333afdebe2911f20c3e5b452df,2,2018-03-15 20:31:54
4653dc197e56d94547c86d7a3af40833,2,2018-03-02 21:18:48
b02c6bdb3693e65bd8e9b75df65fe2c4,2,2018-10-26 17:06:53
ac029f072468dd8c97c15f0a9fa96f00,2,2018-04-20 19:42:05
e77cae9fcdb3fd588d797921ac663823,2,2018-04-30 21:23:41
8d4af10effffa338cc97d3ef4b2507dd,2,2018-05-09 13:17:12
214ace4c93ff3e251c239e9d47d1517b,2,2018-04-18 12:45:01
7bf1f5c2051159d32a588de7a73c8edf,2,2018-04-10 18:37:30
b2385ae6de2a909f2ad7b45f9922af69,2,2018-05-16 20:25:19
8d31e1ca580336797fc5c552cc86b96b,2,2018-05-18 17:17:42
c31cd9eb0233c998e5d682c4d826d8c6,2,2018-04-30 20:57:42
8e3a0c64471d95b0099a960973289946,2,2018-05-04 03:00:00
c4b5d00fab66a49d63428f51800130eb,2,2018-04-24 20:43:12
38cdcd4e817aad01e8408901fa10f392,2,2018-07-06 17:10:17
1ad74caec14332594a6e910b3d183e87,2,2018-06-08 12:15:38
07f26c1e7d2873a9e6860909c00075c2,2,2018-05-15 17:20:12
dcb63974e7efcb5cf46738cb2a22edf1,2,2018-04-04 19:56:06
0e9c14002f9268601c57837930261014,2,2018-04-30 16:06:05
287915711d06ce6d90e2c18e1d89d3a6,2,2018-03-14 14:24:23
d636a570e9dc6d962ffce7426b8b53ad,2,2018-06-28 12:33:50
a7aef852029ddd8bba20bf60b536415b,2,2018-03-07 12:25:54
6548cf02964800e58014e5040bb14e01,2,2018-07-09 18:00:57
2f9e00b759f8d090d2d2ecae1347104f,2,2018-04-06 16:43:28
5f87a3fcca7c117d0f4186749a5c6c59,2,2018-03-14 17:18:59
7720c6892d447539b71d8bd9e4d1ef60,2,2018-10-01 17:47:09
a57bf18e19b6b17e3d4fbc20561e2055,2,2018-08-20 14:41:13
ea36a38cfad96a89e2614f339f909549,2,2018-02-20 12:17:26
100a1f43c56bb71781a2231a79900488,2,2018-07-30 14:02:01
3434cfa4a17f019a5aae78ee0bec24bf,2,2018-02-26 14:44:04
862690c612c4c41a2ddceb9bf7a5c848,2,2018-02-19 19:51:00
d5cb61eef98bd237e41bc2225263f823,2,2018-11-12 19:17:25
b6bbd11daf9d7d31ffa787379614cd4f,2,2018-04-06 19:30:00
98826328c3a60215e53b342560084571,2,2018-05-16 19:51:05
72477e4cbc223fd605cdf76361cbe0a6,2,2018-03-01 21:03:12
b3d5cd16656bd872844d94e6c00ac9f3,2,2018-03-29 19:37:01
8a6492305a5fbcdcdd1a7f5a90764c07,2,2018-05-02 13:31:32
ffe640179b554e295c167a2f6be528e0,3,2018-07-03 20:17:45
c3e30ed7ac989117c7e1e719b4ac128f,3,2018-04-16 18:18:22
67455a0673f5cf26deae5b270c003e83,3,2018-06-14 14:30:20
e3c91316d8f28b18d96869aebbb7c3ec,3,2018-06-05 17:20:34
f72a53e19c3310188cedd074226312c9,3,2018-06-18 13:58:00
415ae4e297c08fd8790a5b1e1ba8482e,3,2018-04-27 13:35:00
58caf27a48e7930aefd5437298d64a70,3,2018-09-21 18:18:15
496515dec2a1c280f145f6ccb34851fb,3,2018-04-27 16:09:25
4ddc45a9de1065695a90e87be37471c0,3,2018-09-21 18:49:49
d2c1295f655a2d436edda96084211820,3,2018-08-03 17:41:00
5931bbfb35cc483290f5dd6a9fda8ee5,3,2018-06-18 12:46:31
1e2a84cd1c6fcd7b7a07f49f1cf7f6cc,3,2018-08-07 19:47:27
1ab8d42d9e4a6b86010ac0a10c58fa86,3,2018-06-15 21:32:52
4e6e15ac583426150b75fc9b2951c7b1,3,2018-07-12 21:14:21
f9c43d70a22ac65ce5fa816a4c34f8f0,3,2018-03-28 22:37:52
1124225a47b3f07185073f3df3b449bf,3,2018-09-11 19:25:49
ac68bc93ecc07d7daec8ce924ca09b0c,3,2018-05-10 19:07:39
d768d7e09a6f9ff4146a1659635cf304,3,2018-10-30 18:21:05
66744053f818d4032f5ba881340db020,3,2018-02-26 17:07:06
6dcca2f79e4a4672f7c91f58385b4582,3,2018-04-27 14:11:20
ab1417ecaf41d8fb741fade9be0b8ab1,3,2018-02-19 17:26:54
d9734d3817f40bb704b7cc4984ec39b0,3,2018-03-29 20:20:04
21c55cb2ff8f7ce34b89f7cc8cf71d9f,3,2018-05-02 17:57:01
d90b1c32b55f731e8a2072bfad782fdd,3,2018-02-09 13:41:10
3f2a136272ab1bc4ee09e0695becffd1,3,2018-07-31 22:29:03
f6127362ba4727c54d742b7ab1ae7c1c,3,2018-04-20 13:24:51
e430deb739cc669ad740c421931bc8f8,3,2018-03-12 18:24:50
aadd608980d2f5f7ee3942cc912eef00,3,2018-06-20 12:24:10
e911087c91c63c9d3e7ee83e372d10f7,3,2018-02-26 20:59:09
bf3e0df27b04abb4c107ab4df9955b29,3,2018-06-14 18:51:26
0de705dc7d8026cc9b2128b775e4c35e,3,2018-06-25 18:42:15
3db893ff5d6c0e9dccfed451a741853f,3,2018-07-30 20:30:31
e4dcab5f7c33b62eb67f0a87c1b7f162,3,2018-09-13 03:00:00
6d78dcbeb39103c047f486abd2519ee4,3,2018-10-01 12:27:47
10fa97233fb64af4b6ce8316d0bc2eca,3,2018-05-25 21:25:11
790d8fa56e05ff05080e6e66fae0272a,3,2018-04-04 20:55:17
0c117e6a0b3f700bd997a11500a5c2e2,3,2018-06-26 17:13:29
3461d99a30c72933c66cac4f1c02bd14,3,2018-03-27 03:00:00
3505514e9f9ba3724fc51cb3278e0e67,3,2018-08-02 17:32:16
c6c02ef92aa0dcb6c333a27cfb22d47c,3,2018-05-10 17:13:16
bea6f48261d29b0dba555367e277f670,3,2018-04-30 17:43:10
5f7526ec1bdd6eebdf4f7d0054cfe163,3,2018-04-17 17:18:12
9b6e0fb52eba76006d3d11ead82fad4d,3,2018-10-10 01:15:56
479f751686a3b7f1783994dd56619558,3,2018-04-17 18:12:47
888a8ba5a910f3b25c9b95dedfdc04b2,3,2018-09-03 03:00:00
6e4e57e5aacf1a8feffa258c2c6ff947,3,2018-04-06 03:00:00
9b4e84017d08b6576f1282367901c964,3,2018-02-27 13:54:11
3c0e7686e6e39489f6a45f6c7ec0dddb,3,2018-05-25 15:00:14
a02248212328cdea5940d1c050f6c6e1,3,2018-04-27 16:24:00
6c5532cd89a43796f19e4ac21f3b8c72,3,2018-05-11 17:24:16
644b522e92999426ab230d94a4bb4512,3,2018-05-07 18:22:39
012fa44d6752ee07c167165cb8c6f11c,3,2018-03-08 15:01:48
3d25d97d74b25fda24861545538d0475,3,2018-02-23 12:03:59
16b2e31fefe580e6aab327e53949bc14,3,2018-03-09 03:00:00
67577e94367b2efc073a5c9085a0e31d,3,2018-10-10 16:35:47
7ccf00b6949c12d2df1963c60fad4f25,3,2018-04-03 20:39:13
9064926a39ede3627d76ffcc643bd773,3,2018-03-27 17:57:49
fa49eb69043e202e2370b17f86bb10a8,3,2018-02-22 18:03:54
f2258c61a8b46c0620005f5949fb11b8,3,2018-03-14 16:52:04
cd39b2fcf60d4580dbe25b82be3fd1ab,3,2018-03-27 03:00:00
5b6359f4589fe6e5a4856110f0480240,3,2018-05-22 12:44:38
6451343e4f4041fb19ddf7b9dc58538b,3,2018-06-27 15:12:26
cd60cded04fede4abccff6e0dea36f6e,3,2018-07-20 20:30:20
ba0773260354774c193b04f6af910192,3,2018-03-29 17:05:39
3f972cdb5e257034c5ad72bd3b0ed184,3,2018-10-08 17:22:23
80a19b2bee623d67010812c64f360300,3,2018-10-24 11:33:31
820f7970418d010d52a1c1db2d3c1d65,3,2018-03-23 19:52:00
c9535ee549d198a4b146a5a81e0a6450,3,2018-03-01 19:48:16
6fb435d98ce368e0b727cec0f8a2ccfb,3,2018-04-27 12:39:38
719a6e5ecb3067f0725a36f477404c5c,3,2018-06-21 12:39:59
c14a716bc18a0f87296c2ec10bfe8929,3,2018-04-05 14:44:21
b64eccfaa3c560d142a15ca43a0ddc98,3,2018-08-22 13:14:44
75743dbfcf177f2885a59b460017feee,3,2018-06-14 15:43:46
1d656ca6611216968c7c89914031e043,3,2018-02-27 20:53:04
abcbe3ee8523b90b416337f0abd94a53,3,2018-05-21 21:21:21
746ac26956df2d6be2b2c66c26b62fda,3,2018-04-09 12:26:37
7f6401a2da5927d2c2fe3b6b946a9f37,3,2018-07-12 19:56:39
64c6e872abc90f8a480908b92521e25a,3,2018-04-04 18:53:19
30c1778642a506dbd803a0fa5ece533e,3,2018-08-20 17:50:56
4388a23da67b154b780b78dd7ea4636e,3,2018-03-06 18:49:03
15aea757696aaf9af950992f299b6789,3,2018-03-28 21:22:04
f4812a8b0f238b290cb25f11a975edf3,3,2018-05-14 19:57:48
d79c868179307f1cf78d0a12c56e2bf9,3,2018-08-30 12:32:15
88a7d45c0b4b7c6d948ffff9e0be1de4,3,2018-03-12 16:40:42
e66292f43e32d3b92d2c00229a6afe55,3,2018-04-16 14:49:40
44c115ec4cfd1287a92e824ff941aa3e,3,2018-03-16 16:20:55
6456e5e81dd87446f811df77548e6a6b,3,2018-09-20 17:13:05
0a634763cc1a09532dd8cbf0e74e3d48,3,2018-07-13 17:38:49
3d2c7bb8be9ea80c1477b6778fbd2cf6,3,2018-09-26 11:48:53
b4a52d5e8d7a56355abf7597fe5b2bbd,3,2018-04-10 19:08:35
27ce438e6e1f602971ea0443f5d4428e,3,2018-05-16 15:05:26
33ce1e734d9d50629fa2c36769285d53,3,2018-09-11 13:14:37
79c57bf41c34485dfe8b0d15d45a5fa2,3,2018-05-31 21:24:31
90da5fb6873f5daa02586c51fec88189,3,2018-03-02 12:58:05
a6bf24ce0939b46b6536e02a3d244cc3,3,2018-03-07 14:58:07
7e4bb8c8f3bdcbece5996f24ba507120,3,2018-08-14 14:48:04
680fd12be44eee12aee2a2e023438a5d,3,2018-08-07 12:21:06
cb0f32260247ecac66b2954d6320f6be,3,2018-09-10 18:10:00
ce721edac2d10ef0b2ee26c40924d7a5,3,2018-11-06 19:41:39
d15288d9955379f7bde91577c9177310,3,2018-03-02 13:54:02
b466c22d12d52c8a0d3792d2eb44b828,3,2018-02-27 17:39:50
caea756b29bd071f00ce526f40645a78,3,2018-04-10 17:23:25
921fc9c7fd3ec362c7276f81fa81baf9,3,2018-07-19 21:17:47
2852475bf1d02022e4eb5269c452259a,3,2018-06-29 17:54:16
d5cb61eef98bd237e41bc2225263f823,3,2018-11-12 19:17:25
8723201570415eb23b4f095d8c20a27c,3,2018-09-27 18:58:41
2e57665b8faf05c967a801eb5aedfa0a,3,2018-06-06 20:15:26
85e43237b3fb87d881c757f44f1b0357,4,2018-04-06 20:52:54
e428d5580f729d23e6070e43c492e424,4,2018-04-25 03:00:00
098d6dd896e6740f88282b48495d47ef,4,2018-03-26 19:31:38
8292c2c5afbab7549123a2640e22044a,4,2018-06-20 18:32:56
7270ec1d67725ee992193adf9e9f2637,4,2018-04-11 14:36:14
0e327f32dbb22d433600688b7e9af0db,4,2018-08-21 21:07:30
cf8f0678e67cb002c2b68f9f68629885,4,2018-03-22 21:20:42
fef0383cea937628ff95eb48ba1ffd17,4,2018-08-20 13:15:36
70699f79c6aeddeb2d322d7074c2f366,4,2018-04-18 19:26:35
c2bb2199cb1cff125e02122597fbfb29,4,2018-10-01 12:31:26
a7a8f7739ddc1abdd3bf7d4f9d8a911f,4,2018-04-09 18:58:34
9e7f111f15db1aa3830cd806660d7b97,4,2018-05-21 17:29:17
04921466d09d50f6541fdd33b322c876,4,2018-06-08 19:09:46
b68eec99f3b66e98022e60843901fe3e,4,2018-03-16 19:52:21
50523d9bd9d5d9a44bbc2f778954c5ae,4,2018-09-24 20:45:42
803fce03a8d1123afbbdbbbad0c4377d,4,2018-03-09 20:05:55
7b6ad2297d3beb569ddf3ee1ce22ffa8,4,2018-03-13 21:39:34
8661d5d36e6ade1beb145e7154f96310,4,2018-04-25 19:19:08
b39ac02ff5021fed10cb9988a23d5d02,4,2018-08-23 21:56:01
d79c868179307f1cf78d0a12c56e2bf9,4,2018-08-30 12:32:15
2dfbe1c802c78a8b1f75ef13b70c1124,4,2018-03-27 19:15:09
0ec14948e088cd74e70ad82de1128b3b,4,2018-06-29 18:28:26
b368759b56dbed0f9e5818fe1f7ca8bd,4,2018-04-13 14:30:12
01c629f6b8f2460aa362f29caaaa0a8e,4,2018-05-08 21:28:11
9c2bfd97ce00ce9553bdc0f34c3532b6,4,2018-09-10 20:48:01
3223fed48f30bbdc0f6040b466516bcb,4,2018-10-30 11:54:22
